"variable","type","class_i","class_j","diff","se","z","p_pair","p_fdr"
"age_num","continuous","Network_oriented_prevention","Escalation_aware_mixed",-0.457250911403946,2.22133317272282,-0.205845263114433,0.836911783378815,0.929901981532017
"age_num","continuous","Network_oriented_prevention","Life_threat_protective",-0.591356540693532,2.30293801880742,-0.256783524291186,0.797345889425919,0.929901981532017
"age_num","continuous","Escalation_aware_mixed","Life_threat_protective",-0.134105629289586,1.69457532337253,-0.0791381931743757,0.936922705001773,0.936922705001773
"age_num","continuous","Network_oriented_prevention","Boundary_clarification",-2.64575550694907,2.33145549367316,-1.13480849800857,0.256455564867839,0.658263114178204
"age_num","continuous","Escalation_aware_mixed","Boundary_clarification",-2.18850459554512,1.73313205702659,-1.26274543631705,0.206680679437841,0.658263114178204
"age_num","continuous","Life_threat_protective","Boundary_clarification",-2.05439896625553,1.83655906012387,-1.11861306878798,0.263305245671281,0.658263114178204
"age_num","continuous","Network_oriented_prevention","Multi_action_institutional",1.15636072023717,2.61600840313289,0.442032494563981,0.658465692014288,0.929901981532017
"age_num","continuous","Escalation_aware_mixed","Multi_action_institutional",1.61361163164111,2.1003718654982,0.768250450383163,0.442338405996795,0.737230676661325
"age_num","continuous","Life_threat_protective","Multi_action_institutional",1.7477172609307,2.18649592444308,0.799323356331367,0.424102939173526,0.737230676661325
"age_num","continuous","Boundary_clarification","Multi_action_institutional",3.80211622718623,2.21651204104925,1.71536005975695,0.0862792333532167,0.658263114178204
"dig","continuous","Network_oriented_prevention","Escalation_aware_mixed",-0.689765768723686,0.210805466465345,-3.27204877695655,0.00106771153702367,0.00213542307404735
"dig","continuous","Network_oriented_prevention","Life_threat_protective",-1.2229363680972,0.231592640889727,-5.28054934474149,1.287971300723e-07,7.52826737615564e-07
"dig","continuous","Escalation_aware_mixed","Life_threat_protective",-0.533170599373511,0.222910960461468,-2.39185456950949,0.0167634832859767,0.0239478332656809
"dig","continuous","Network_oriented_prevention","Boundary_clarification",-0.397224048752887,0.21909452864127,-1.81302587160117,0.0698278310994482,0.0872847888743103
"dig","continuous","Escalation_aware_mixed","Boundary_clarification",0.292541719970799,0.209896539895532,1.39374246053032,0.163395389219076,0.18155043246564
"dig","continuous","Life_threat_protective","Boundary_clarification",0.82571231934431,0.230765604202019,3.57814294812088,0.000346044186690486,0.000865110466726215
"dig","continuous","Network_oriented_prevention","Multi_action_institutional",-1.49041420272761,0.283787511024599,-5.25186678351894,1.50565347523113e-07,7.52826737615564e-07
"dig","continuous","Escalation_aware_mixed","Multi_action_institutional",-0.800648434003923,0.276748073874261,-2.89305874037517,0.00381509940039226,0.00635849900065377
"dig","continuous","Life_threat_protective","Multi_action_institutional",-0.267477834630412,0.292891964751032,-0.913230360750175,0.361121399282549,0.361121399282549
"dig","continuous","Boundary_clarification","Multi_action_institutional",-1.09319015397472,0.283112988366804,-3.86132109403039,0.000112775576716073,0.000375918589053577
"offcnt","continuous","Network_oriented_prevention","Escalation_aware_mixed",-1.35667915484663,0.305093023272614,-4.44677213622934,8.71702168003807e-06,2.90567389334602e-05
"offcnt","continuous","Network_oriented_prevention","Life_threat_protective",-2.0659492506954,0.355601769621188,-5.80972713633059,6.25747453852910e-09,6.2574745385291e-08
"offcnt","continuous","Escalation_aware_mixed","Life_threat_protective",-0.709270095848766,0.352357729629379,-2.01292617191852,0.0441223967707862,0.0630319953868375
"offcnt","continuous","Network_oriented_prevention","Boundary_clarification",-0.99654205569316,0.308427352401386,-3.23104305741426,0.00123339358429897,0.00308348396074742
"offcnt","continuous","Escalation_aware_mixed","Boundary_clarification",0.36013709915347,0.304681444760226,1.18201191883177,0.237200971643055,0.26355663515895
"offcnt","continuous","Life_threat_protective","Boundary_clarification",1.06940719500224,0.355248713564561,3.01030560891218,0.00260984947078824,0.00521969894157648
"offcnt","continuous","Network_oriented_prevention","Multi_action_institutional",-2.21447553204575,0.490350998506106,-4.51610282999796,6.29880864910781e-06,2.90567389334602e-05
"offcnt","continuous","Escalation_aware_mixed","Multi_action_institutional",-0.857796377199122,0.488003537700072,-1.75776671874523,0.078787210325993,0.0984840129074913
"offcnt","continuous","Life_threat_protective","Multi_action_institutional",-0.148526281350356,0.521074196747337,-0.285038641862312,0.775614537411133,0.775614537411133
"offcnt","continuous","Boundary_clarification","Multi_action_institutional",-1.21793347635259,0.490095023100103,-2.48509660157032,0.0129516283526865,0.0215860472544775
"total_type_count","continuous","Network_oriented_prevention","Escalation_aware_mixed",-2.04644492357032,0.45551090664837,-4.49263649607859,7.03468014306985e-06,2.34489338102328e-05
"total_type_count","continuous","Network_oriented_prevention","Life_threat_protective",-3.28888561879259,0.517520587988554,-6.35508170133964,2.08315809047122e-10,2.08315809047122e-09
"total_type_count","continuous","Escalation_aware_mixed","Life_threat_protective",-1.24244069522228,0.520526538408709,-2.38689212469457,0.0169914762543115,0.0242234805790775
"total_type_count","continuous","Network_oriented_prevention","Boundary_clarification",-1.39376610444605,0.465828592010431,-2.99201493500175,0.00277142704350353,0.00461904507250588
"total_type_count","continuous","Escalation_aware_mixed","Boundary_clarification",0.652678819124269,0.469165850558367,1.39114732742696,0.164180755811869,0.182423062013188
"total_type_count","continuous","Life_threat_protective","Boundary_clarification",1.89511951434655,0.529579048156698,3.57853944740237,0.000345519723435217,0.000863799308588042
"total_type_count","continuous","Network_oriented_prevention","Multi_action_institutional",-3.70488973477336,0.707090852545966,-5.23962334038611,1.60904674251228e-07,8.04523371256138e-07
"total_type_count","continuous","Escalation_aware_mixed","Multi_action_institutional",-1.65844481120304,0.709293868541042,-2.33816318561209,0.019378784463262,0.0242234805790775
"total_type_count","continuous","Life_threat_protective","Multi_action_institutional",-0.416004115980768,0.750623184338397,-0.554211653277718,0.579434004028241,0.579434004028241
"total_type_count","continuous","Boundary_clarification","Multi_action_institutional",-2.31112363032731,0.715963604527993,-3.22799038346502,0.00124663164907912,0.00249326329815824
"coharm_count","continuous","Network_oriented_prevention","Escalation_aware_mixed",-0.353897529867762,0.18038948097854,-1.96185236493842,0.049779675062831,0.0553107500698122
"coharm_count","continuous","Network_oriented_prevention","Life_threat_protective",-1.04765394429362,0.206340726738517,-5.07730083562831,3.82834463241721e-07,9.57086158104303e-07
"coharm_count","continuous","Escalation_aware_mixed","Life_threat_protective",-0.693756414425862,0.151736085819291,-4.57212541551972,4.82801805778976e-06,9.65603611557952e-06
"coharm_count","continuous","Network_oriented_prevention","Boundary_clarification",-0.439176444596069,0.200444577056646,-2.19101185497254,0.0284509345766277,0.0355636682207847
"coharm_count","continuous","Escalation_aware_mixed","Boundary_clarification",-0.0852789147283066,0.143615363733125,-0.593800778075368,0.552645368590884,0.552645368590884
"coharm_count","continuous","Life_threat_protective","Boundary_clarification",0.608477499697556,0.175104264264095,3.47494392700705,0.000510960145206241,0.000729943064580344
"coharm_count","continuous","Network_oriented_prevention","Multi_action_institutional",-2.02358871097259,0.236764626878648,-8.54683715912413,0,0
"coharm_count","continuous","Escalation_aware_mixed","Multi_action_institutional",-1.66969118110483,0.191062379263332,-8.73898455333046,0,0
"coharm_count","continuous","Life_threat_protective","Multi_action_institutional",-0.975934766678965,0.215733547305554,-4.52379696559989,6.07399945407039e-06,1.01233324234506e-05
"coharm_count","continuous","Boundary_clarification","Multi_action_institutional",-1.58441226637652,0.210101157525313,-7.54118770709596,4.66293670342566e-14,1.55431223447522e-13
"negative_impact_count","continuous","Network_oriented_prevention","Escalation_aware_mixed",-0.448597427626817,0.0895348353645128,-5.01031163792834,5.43419642617948e-07,1.0868392852359e-06
"negative_impact_count","continuous","Network_oriented_prevention","Life_threat_protective",-0.886680862993269,0.113328650002945,-7.82397798765118,5.10702591327572e-15,2.55351295663786e-14
"negative_impact_count","continuous","Escalation_aware_mixed","Life_threat_protective",-0.438083435366453,0.0949355501906683,-4.61453517135158,3.93976056956014e-06,6.56626761593356e-06
"negative_impact_count","continuous","Network_oriented_prevention","Boundary_clarification",-0.450432703966094,0.11162233694859,-4.03532766182409,5.45261500606298e-05,6.81576875757872e-05
"negative_impact_count","continuous","Escalation_aware_mixed","Boundary_clarification",-0.00183527633927771,0.0928919904210228,-0.0197570999497322,0.984237140477515,0.984237140477515
"negative_impact_count","continuous","Life_threat_protective","Boundary_clarification",0.436248159027175,0.115999215739241,3.76078541778965,0.000169380686304343,0.000188200762560382
"negative_impact_count","continuous","Network_oriented_prevention","Multi_action_institutional",-1.50631451311919,0.149785558504378,-10.0564735890421,0,0
"negative_impact_count","continuous","Escalation_aware_mixed","Multi_action_institutional",-1.05771708549237,0.136400474027707,-7.75449713816624,8.88178419700125e-15,2.96059473233375e-14
"negative_impact_count","continuous","Life_threat_protective","Multi_action_institutional",-0.619633650125919,0.153075097526419,-4.04790629004156,5.16778272630081e-05,6.81576875757872e-05
"negative_impact_count","continuous","Boundary_clarification","Multi_action_institutional",-1.05588180915309,0.151816167377184,-6.95500240451845,3.52562423699965e-12,8.81406059249912e-12
"prosocial_change_count","continuous","Network_oriented_prevention","Escalation_aware_mixed",-0.111448792233418,0.13448713041014,-0.828694849042706,0.407277101222723,0.407277101222723
"prosocial_change_count","continuous","Network_oriented_prevention","Life_threat_protective",-0.595053482512016,0.151727084403576,-3.92186724506775,8.7865401282361e-05,0.000146442335470602
"prosocial_change_count","continuous","Escalation_aware_mixed","Life_threat_protective",-0.483604690278598,0.114271774588073,-4.23205723392233,2.31563460479922e-05,4.63126920959844e-05
"prosocial_change_count","continuous","Network_oriented_prevention","Boundary_clarification",-0.456113038235554,0.168050770623773,-2.7141383317824,0.00664484126794052,0.00949263038277216
"prosocial_change_count","continuous","Escalation_aware_mixed","Boundary_clarification",-0.344664246002137,0.135196123587703,-2.54936485496604,0.0107919329602593,0.0134899162003241
"prosocial_change_count","continuous","Life_threat_protective","Boundary_clarification",0.138940444276462,0.152355871986601,0.911946762962184,0.361796743072872,0.40199638119208
"prosocial_change_count","continuous","Network_oriented_prevention","Multi_action_institutional",-1.77700513117843,0.17606732068157,-10.0927595439035,0,0
"prosocial_change_count","continuous","Escalation_aware_mixed","Multi_action_institutional",-1.66555633894501,0.145040103895041,-11.4834193731018,0,0
"prosocial_change_count","continuous","Life_threat_protective","Multi_action_institutional",-1.18195164866642,0.161155054632302,-7.33425117420738,2.22932783344731e-13,5.57331958361829e-13
"prosocial_change_count","continuous","Boundary_clarification","Multi_action_institutional",-1.32089209294288,0.176609470298663,-7.47916909953428,7.48290318597356e-14,2.49430106199119e-13
"freq_ord","continuous","Network_oriented_prevention","Escalation_aware_mixed",-0.362705872710415,0.118819830226155,-3.05257019825784,0.0022689065547723,0.0113445327738615
"freq_ord","continuous","Network_oriented_prevention","Life_threat_protective",-0.416701401342191,0.128563922670104,-3.24120011810352,0.00119027594073962,0.0113445327738615
"freq_ord","continuous","Escalation_aware_mixed","Life_threat_protective",-0.0539955286317761,0.11927097282521,-0.452713073036687,0.650755364715498,0.723061516350553
"freq_ord","continuous","Network_oriented_prevention","Boundary_clarification",-0.10854365843912,0.120592134534592,-0.900089038626184,0.368072868861875,0.525818384088393
"freq_ord","continuous","Escalation_aware_mixed","Boundary_clarification",0.254162214271295,0.110631576224678,2.29737497145594,0.0215973882909952,0.0539934707274881
"freq_ord","continuous","Life_threat_protective","Boundary_clarification",0.308157742903072,0.121036671365784,2.54598659584573,0.0108969372558829,0.0363231241862764
"freq_ord","continuous","Network_oriented_prevention","Multi_action_institutional",-0.323399299027591,0.158978008383887,-2.03423921531758,0.0419274824449378,0.0838549648898756
"freq_ord","continuous","Escalation_aware_mixed","Multi_action_institutional",0.039306573682824,0.151561505323928,0.259344043850813,0.795369799465288,0.795369799465288
"freq_ord","continuous","Life_threat_protective","Multi_action_institutional",0.0933021023146001,0.159315473364665,0.58564369388676,0.55811497936041,0.697643724200512
"freq_ord","continuous","Boundary_clarification","Multi_action_institutional",-0.214855640588471,0.152954897772814,-1.40469931801465,0.160110708661234,0.266851181102056
"victim_blaming","continuous","Network_oriented_prevention","Escalation_aware_mixed",-0.689793535067781,0.137377203836827,-5.02116447126918,5.13591574602401e-07,5.13591574602401e-06
"victim_blaming","continuous","Network_oriented_prevention","Life_threat_protective",-0.735711812913011,0.154235007824042,-4.77007018894403,1.84161738214783e-06,9.20808691073915e-06
"victim_blaming","continuous","Escalation_aware_mixed","Life_threat_protective",-0.0459182778452298,0.13691901829685,-0.33536814984808,0.7373473909059,0.7373473909059
"victim_blaming","continuous","Network_oriented_prevention","Boundary_clarification",-0.481969883786238,0.148296511141919,-3.25004196036005,0.00115387981721748,0.00356346199679214
"victim_blaming","continuous","Escalation_aware_mixed","Boundary_clarification",0.207823651281544,0.13019306874698,1.59627277612936,0.110427905444638,0.138034881805797
"victim_blaming","continuous","Life_threat_protective","Boundary_clarification",0.253741929126774,0.147872163216114,1.71595467062947,0.0861703392614794,0.123100484659256
"victim_blaming","continuous","Network_oriented_prevention","Multi_action_institutional",-0.132579588437039,0.191958092987271,-0.690669439218853,0.489773298828769,0.544192554254188
"victim_blaming","continuous","Escalation_aware_mixed","Multi_action_institutional",0.557213946630743,0.178343178720691,3.12439169598638,0.00178173099839607,0.00356346199679214
"victim_blaming","continuous","Life_threat_protective","Multi_action_institutional",0.603132224475972,0.191630454001073,3.14737147401735,0.00164745515225273,0.00356346199679214
"victim_blaming","continuous","Boundary_clarification","Multi_action_institutional",0.349390295349199,0.186884050895309,1.86955651739872,0.061545428331786,0.10257571388631
"crime_denial","continuous","Network_oriented_prevention","Escalation_aware_mixed",-0.746474147604548,0.10543768654175,-7.07976599343317,1.44395606582748e-12,7.21978032913739e-12
"crime_denial","continuous","Network_oriented_prevention","Life_threat_protective",-1.09258139791475,0.135569995736661,-8.05916819557217,6.66133814775094e-16,6.66133814775094e-15
"crime_denial","continuous","Escalation_aware_mixed","Life_threat_protective",-0.346107250310203,0.144660066287661,-2.39255559044165,0.016731493267909,0.0209143665848863
"crime_denial","continuous","Network_oriented_prevention","Boundary_clarification",-0.345462906638961,0.117689804543495,-2.93536817381056,0.00333152136379722,0.00475931623399603
"crime_denial","continuous","Escalation_aware_mixed","Boundary_clarification",0.401011240965586,0.128055461140079,3.13154345308961,0.00173890051199255,0.00289816751998758
"crime_denial","continuous","Life_threat_protective","Boundary_clarification",0.747118491275789,0.153819111714248,4.85712394870491,1.19103043716429e-06,2.97757609291072e-06
"crime_denial","continuous","Network_oriented_prevention","Multi_action_institutional",-0.19352096370682,0.152537754102957,-1.26867584254716,0.204556701889058,0.227285224321176
"crime_denial","continuous","Escalation_aware_mixed","Multi_action_institutional",0.552953183897727,0.160670711273357,3.44153069041289,0.000578432850150135,0.00115686570030027
"crime_denial","continuous","Life_threat_protective","Multi_action_institutional",0.89906043420793,0.181871370649282,4.94338625699185,7.67771525245209e-07,2.55923841748403e-06
"crime_denial","continuous","Boundary_clarification","Multi_action_institutional",0.151941942932141,0.168964084382736,0.899255859534997,0.368516392898788,0.368516392898788
"stereotype","continuous","Network_oriented_prevention","Escalation_aware_mixed",-0.137553619911642,0.132265285249419,-1.03998278650555,0.298347898019953,0.426211282885647
"stereotype","continuous","Network_oriented_prevention","Life_threat_protective",-0.228957180914466,0.150141719709888,-1.52494044531307,0.127273952658766,0.274570965018518
"stereotype","continuous","Escalation_aware_mixed","Life_threat_protective",-0.0914035610028248,0.121067617374501,-0.754979432031643,0.450261323365365,0.500290359294849
"stereotype","continuous","Network_oriented_prevention","Boundary_clarification",-0.0291428188714566,0.144630721328469,-0.201498122969813,0.840309096987484,0.840309096987484
"stereotype","continuous","Escalation_aware_mixed","Boundary_clarification",0.108410801040185,0.114161628979659,0.949625561663116,0.342302545356786,0.427878181695983
"stereotype","continuous","Life_threat_protective","Boundary_clarification",0.19981436204301,0.134466753685146,1.4859759499428,0.137285482509259,0.274570965018518
"stereotype","continuous","Network_oriented_prevention","Multi_action_institutional",0.248987621588666,0.184982596660455,1.3460056572008,0.178300692136749,0.297167820227915
"stereotype","continuous","Escalation_aware_mixed","Multi_action_institutional",0.386541241500308,0.16227566991555,2.38200367129261,0.0172187257873968,0.086093628936984
"stereotype","continuous","Life_threat_protective","Multi_action_institutional",0.477944802503132,0.177149155690545,2.69797956778319,0.00697617222872005,0.0697617222872005
"stereotype","continuous","Boundary_clarification","Multi_action_institutional",0.278130440460123,0.172503138859627,1.61232104122146,0.10689209689716,0.274570965018518
"fear","continuous","Network_oriented_prevention","Escalation_aware_mixed",0.0784075821632069,0.104744882161206,0.748557643537517,0.454123869527455,0.504582077252728
"fear","continuous","Network_oriented_prevention","Life_threat_protective",-0.104961034470186,0.112135508577873,-0.936019605219828,0.349263093651258,0.436578867064072
"fear","continuous","Escalation_aware_mixed","Life_threat_protective",-0.183368616633393,0.0915843902448838,-2.00218198912599,0.0452651620422528,0.0754419367370881
"fear","continuous","Network_oriented_prevention","Boundary_clarification",-0.126837488013899,0.109380556948608,-1.15959811827885,0.246212467483183,0.351732096404547
"fear","continuous","Escalation_aware_mixed","Boundary_clarification",-0.205245070177106,0.0881897640936669,-2.32731170432788,0.019948681279244,0.039897362558488
"fear","continuous","Life_threat_protective","Boundary_clarification",-0.0218764535437135,0.0968520337212911,-0.225875004407929,0.821298639043788,0.821298639043788
"fear","continuous","Network_oriented_prevention","Multi_action_institutional",-0.421667006833798,0.126084407944683,-3.34432316975146,0.000824835933182611,0.00412417966591305
"fear","continuous","Escalation_aware_mixed","Multi_action_institutional",-0.500074588997005,0.108215554239074,-4.62109714738622,3.81715966368823e-06,3.81715966368823e-05
"fear","continuous","Life_threat_protective","Multi_action_institutional",-0.316705972363613,0.115384089563178,-2.74479760218762,0.00605482275834612,0.0201827425278204
"fear","continuous","Boundary_clarification","Multi_action_institutional",-0.294829518819899,0.112708571451744,-2.61585711736333,0.00890037935934473,0.0222509483983618
"cjs_distrust","continuous","Network_oriented_prevention","Escalation_aware_mixed",0.397515116835337,0.134634210009025,2.95255653677242,0.00315154352763103,0.00787885881907757
"cjs_distrust","continuous","Network_oriented_prevention","Life_threat_protective",0.339843215785291,0.13714111235393,2.47805497528875,0.0132100789430301,0.0220167982383834
"cjs_distrust","continuous","Escalation_aware_mixed","Life_threat_protective",-0.0576719010500466,0.119577429832506,-0.482297546709515,0.629594589798866,0.699549544220962
"cjs_distrust","continuous","Network_oriented_prevention","Boundary_clarification",0.0481490419671378,0.131020303652359,0.367492981048902,0.713251326464694,0.713251326464694
"cjs_distrust","continuous","Escalation_aware_mixed","Boundary_clarification",-0.349366074868199,0.112505097648199,-3.10533551075755,0.00190063300653631,0.00633544335512104
"cjs_distrust","continuous","Life_threat_protective","Boundary_clarification",-0.291694173818153,0.115493338291652,-2.52563635386092,0.0115488954958434,0.0220167982383834
"cjs_distrust","continuous","Network_oriented_prevention","Multi_action_institutional",-0.223542207361045,0.152785582233577,-1.46311061615288,0.143437113421294,0.179296391776617
"cjs_distrust","continuous","Escalation_aware_mixed","Multi_action_institutional",-0.621057324196382,0.137238883579427,-4.52537435454249,6.02886912792755e-06,6.02886912792755e-05
"cjs_distrust","continuous","Life_threat_protective","Multi_action_institutional",-0.563385423146336,0.139699052820864,-4.03285070134845,5.51042909204824e-05,0.000275521454602412
"cjs_distrust","continuous","Boundary_clarification","Multi_action_institutional",-0.271691249328183,0.133695402428541,-2.03216598621182,0.042136855042046,0.0601955072029229
"gender_awareness","continuous","Network_oriented_prevention","Escalation_aware_mixed",0.258654960990071,0.13496260741435,1.91649350842764,0.0553023087054765,0.0790032981506807
"gender_awareness","continuous","Network_oriented_prevention","Life_threat_protective",0.213228412902463,0.148054337706264,1.4402037536077,0.149809761568519,0.187262201960648
"gender_awareness","continuous","Escalation_aware_mixed","Life_threat_protective",-0.0454265480876077,0.121757901558006,-0.37308911788338,0.709082117590266,0.782377840940298
"gender_awareness","continuous","Network_oriented_prevention","Boundary_clarification",-0.0380900431590367,0.137896668131532,-0.27622163519357,0.782377840940298,0.782377840940298
"gender_awareness","continuous","Escalation_aware_mixed","Boundary_clarification",-0.296745004149107,0.109180542039076,-2.71792939114464,0.00656918553106034,0.0131383710621207
"gender_awareness","continuous","Life_threat_protective","Boundary_clarification",-0.2513184560615,0.125002289073068,-2.01051083084243,0.0443771510608024,0.0739619184346707
"gender_awareness","continuous","Network_oriented_prevention","Multi_action_institutional",-0.460432508193512,0.136821025492539,-3.3652174915077,0.00076483345288203,0.00191208363220507
"gender_awareness","continuous","Escalation_aware_mixed","Multi_action_institutional",-0.719087469183582,0.107818795648062,-6.66940735946266,2.56838994516784e-11,2.56838994516784e-10
"gender_awareness","continuous","Life_threat_protective","Multi_action_institutional",-0.673660921095975,0.123814676870551,-5.44088098538022,5.30177262092479e-08,2.6508863104624e-07
"gender_awareness","continuous","Boundary_clarification","Multi_action_institutional",-0.422342465034475,0.111469629840133,-3.78885680019022,0.000151342114828923,0.00050447371609641
"gender_hierarchy","continuous","Network_oriented_prevention","Escalation_aware_mixed",-0.335297583436056,0.0912401105539329,-3.67489234066478,0.000237949730251152,0.00118974865125576
"gender_hierarchy","continuous","Network_oriented_prevention","Life_threat_protective",-0.452257895847716,0.104540160889403,-4.32616414591306,1.5172837385391e-05,0.00015172837385391
"gender_hierarchy","continuous","Escalation_aware_mixed","Life_threat_protective",-0.11696031241166,0.100955831772693,-1.15852953076551,0.246648007710931,0.411080012851551
"gender_hierarchy","continuous","Network_oriented_prevention","Boundary_clarification",-0.298336743973211,0.0974666975465473,-3.06090953610831,0.0022066575458406,0.00735552515280199
"gender_hierarchy","continuous","Escalation_aware_mixed","Boundary_clarification",0.0369608394628447,0.0936119215739336,0.394830475022921,0.692968002545058,0.769964447272287
"gender_hierarchy","continuous","Life_threat_protective","Boundary_clarification",0.153921151874505,0.106616505878089,1.44368970458014,0.148826278747127,0.297652557494255
"gender_hierarchy","continuous","Network_oriented_prevention","Multi_action_institutional",-0.365871307381446,0.135260129259503,-2.70494571744423,0.00683155519351875,0.0170788879837969
"gender_hierarchy","continuous","Escalation_aware_mixed","Multi_action_institutional",-0.0305737239453898,0.132509385695624,-0.230728742608603,0.817525542550767,0.817525542550767
"gender_hierarchy","continuous","Life_threat_protective","Multi_action_institutional",0.08638658846627,0.141995157531234,0.608377003612028,0.542937459928093,0.769964447272287
"gender_hierarchy","continuous","Boundary_clarification","Multi_action_institutional",-0.0675345634082345,0.136871241150827,-0.493416753149873,0.621718147275181,0.769964447272287
"support_awareness","continuous","Network_oriented_prevention","Escalation_aware_mixed",-0.0139255195568704,0.305685075221769,-0.0455551176215184,0.963664842954618,0.963664842954618
"support_awareness","continuous","Network_oriented_prevention","Life_threat_protective",-0.324529375774986,0.336487379863043,-0.964462250878698,0.334814225372873,0.418517781716091
"support_awareness","continuous","Escalation_aware_mixed","Life_threat_protective",-0.310603856218115,0.299670298086828,-1.03648529133881,0.299975797909728,0.418517781716091
"support_awareness","continuous","Network_oriented_prevention","Boundary_clarification",-0.347472585931681,0.331417891961792,-1.0484424479163,0.294434805166874,0.418517781716091
"support_awareness","continuous","Escalation_aware_mixed","Boundary_clarification",-0.33354706637481,0.293966579496294,-1.13464281193575,0.256525007596301,0.418517781716091
"support_awareness","continuous","Life_threat_protective","Boundary_clarification",-0.0229432101566949,0.325878415140537,-0.0704042031958467,0.94387194588588,0.963664842954618
"support_awareness","continuous","Network_oriented_prevention","Multi_action_institutional",-1.53867219504809,0.360143107188799,-4.27239106992395,1.93388030933495e-05,9.66940154667473e-05
"support_awareness","continuous","Escalation_aware_mixed","Multi_action_institutional",-1.52474667549122,0.326008571059037,-4.67701407523761,2.91082285097666e-06,2.91082285097666e-05
"support_awareness","continuous","Life_threat_protective","Multi_action_institutional",-1.2141428192731,0.355052080683543,-3.41961893853895,0.000627089119846103,0.00167859032778828
"support_awareness","continuous","Boundary_clarification","Multi_action_institutional",-1.19119960911641,0.350251398716715,-3.40098458844373,0.000671436131115311,0.00167859032778828
"seoul_policy_awareness","continuous","Network_oriented_prevention","Escalation_aware_mixed",-0.320153721224588,0.225614373076105,-1.41903069764351,0.1558900666119,0.173211185124333
"seoul_policy_awareness","continuous","Network_oriented_prevention","Life_threat_protective",-0.851696254383467,0.262459010436603,-3.2450638786097,0.0011742427947945,0.00293560698698625
"seoul_policy_awareness","continuous","Escalation_aware_mixed","Life_threat_protective",-0.531542533158879,0.243743161795033,-2.18074849462181,0.0292020240206954,0.0486700400344923
"seoul_policy_awareness","continuous","Network_oriented_prevention","Boundary_clarification",-0.377368263415179,0.243719359497616,-1.54837212847209,0.121532727647322,0.151915909559153
"seoul_policy_awareness","continuous","Escalation_aware_mixed","Boundary_clarification",-0.057214542190591,0.223439304860195,-0.256063015530727,0.797902179433534,0.797902179433534
"seoul_policy_awareness","continuous","Life_threat_protective","Boundary_clarification",0.474327990968288,0.260591653314615,1.82019640665785,0.0687291001453596,0.0981844287790851
"seoul_policy_awareness","continuous","Network_oriented_prevention","Multi_action_institutional",-1.60694990713408,0.311295230453485,-5.16214111213054,2.44141133753928e-07,2.44141133753928e-06
"seoul_policy_awareness","continuous","Escalation_aware_mixed","Multi_action_institutional",-1.2867961859095,0.295686856768384,-4.35188834557318,1.34969996421486e-05,6.74849982107428e-05
"seoul_policy_awareness","continuous","Life_threat_protective","Multi_action_institutional",-0.755253652750618,0.324674612629944,-2.32618635203066,0.0200086114329303,0.0400172228658606
"seoul_policy_awareness","continuous","Boundary_clarification","Multi_action_institutional",-1.22958164371891,0.309722453369096,-3.96994673890697,7.1888699741951e-05,0.000239628999139837
"female","binary","Network_oriented_prevention","Escalation_aware_mixed",0.0527558995857862,0.0691872823288889,0.762508626007386,0.445756496815209,0.741590582332845
"female","binary","Network_oriented_prevention","Life_threat_protective",0.0429543665450046,0.0750356991722702,0.572452406239171,0.567015520622224,0.741590582332845
"female","binary","Escalation_aware_mixed","Life_threat_protective",-0.00980153304078157,0.0635895335397884,-0.15413752067624,0.877501304551723,0.925161509714828
"female","binary","Network_oriented_prevention","Boundary_clarification",0.00684722015097183,0.0728938747384898,0.0939340949501801,0.925161509714828,0.925161509714828
"female","binary","Escalation_aware_mixed","Boundary_clarification",-0.0459086794348144,0.0610474372920526,-0.752016488672342,0.452041143041319,0.741590582332845
"female","binary","Life_threat_protective","Boundary_clarification",-0.0361071463940328,0.0676037403857296,-0.534099832169266,0.593272465866276,0.741590582332845
"female","binary","Network_oriented_prevention","Multi_action_institutional",-0.0828382480509512,0.0818985654214104,-1.01147373735676,0.311789744718308,0.741590582332845
"female","binary","Escalation_aware_mixed","Multi_action_institutional",-0.135594147636737,0.0715587006842739,-1.89486598191597,0.0581101589915054,0.516720992122696
"female","binary","Life_threat_protective","Multi_action_institutional",-0.125792614595956,0.0772277395618669,-1.62885273231627,0.103344198424539,0.516720992122696
"female","binary","Boundary_clarification","Multi_action_institutional",-0.089685468201923,0.0751484170289351,-1.19344454278246,0.23269531910844,0.741590582332845
"college","binary","Network_oriented_prevention","Escalation_aware_mixed",0.0120774159756308,0.0400662992335891,0.301435775368689,0.763082217365352,0.763082217365352
"college","binary","Network_oriented_prevention","Life_threat_protective",0.0533780986427059,0.047156521192422,1.13193461461877,0.257661924692157,0.515323849384314
"college","binary","Escalation_aware_mixed","Life_threat_protective",0.0413006826670751,0.0418489502025709,0.986898893930627,0.323692206535369,0.539487010892282
"college","binary","Network_oriented_prevention","Boundary_clarification",0.0368205964947513,0.0445909367324556,0.825741713291961,0.408950624351947,0.584215177645638
"college","binary","Escalation_aware_mixed","Boundary_clarification",0.0247431805191205,0.0389351869234472,0.635496641322656,0.525104556557944,0.65638069569743
"college","binary","Life_threat_protective","Boundary_clarification",-0.0165575021479546,0.0461993283226024,-0.358392702862177,0.720049451751368,0.763082217365352
"college","binary","Network_oriented_prevention","Multi_action_institutional",-0.0608159673061169,0.0377206983074765,-1.61227045189836,0.106903100254163,0.267257750635408
"college","binary","Escalation_aware_mixed","Multi_action_institutional",-0.0728933832817478,0.0308293402928052,-2.36441592941771,0.0180585254977887,0.0601950849926292
"college","binary","Life_threat_protective","Multi_action_institutional",-0.114194065948823,0.039609056787374,-2.88302916582512,0.00393870970839649,0.0375065418401022
"college","binary","Boundary_clarification","Multi_action_institutional",-0.0976365638008683,0.0365170032627533,-2.67372881335134,0.00750130836802043,0.0375065418401022
"married","binary","Network_oriented_prevention","Escalation_aware_mixed",-0.0999082502458429,0.0694961015853063,-1.43760941933132,0.150544906809928,0.501816356033095
"married","binary","Network_oriented_prevention","Life_threat_protective",-0.14962123438066,0.0753694328425515,-1.98517129209692,0.0471254171295059,0.324858025372481
"married","binary","Escalation_aware_mixed","Life_threat_protective",-0.0497129841348168,0.0640147517791294,-0.776586376626781,0.437402841692386,0.701387065889168
"married","binary","Network_oriented_prevention","Boundary_clarification",-0.135939484134412,0.0736618334406018,-1.8454534429153,0.0649716050744962,0.324858025372481
"married","binary","Escalation_aware_mixed","Boundary_clarification",-0.0360312338885691,0.0619951832335918,-0.58119408652777,0.561109652711334,0.701387065889168
"married","binary","Life_threat_protective","Boundary_clarification",0.0136817502462477,0.0685145679079952,0.199691111890544,0.841722165457046,0.875718642956249
"married","binary","Network_oriented_prevention","Multi_action_institutional",-0.0880199508950306,0.0857939038368968,-1.02594644792439,0.304916827161196,0.701387065889168
"married","binary","Escalation_aware_mixed","Multi_action_institutional",0.0118882993508124,0.076012702714154,0.156398850801534,0.875718642956249,0.875718642956249
"married","binary","Life_threat_protective","Multi_action_institutional",0.0616012834856292,0.0814172846842919,0.756611863494315,0.4492824317309,0.701387065889168
"married","binary","Boundary_clarification","Multi_action_institutional",0.0479195332393815,0.0798391416799185,0.600201007063612,0.548372282580956,0.701387065889168
"employed","binary","Network_oriented_prevention","Escalation_aware_mixed",-0.0411720635222674,0.0386586821886264,-1.06501466659876,0.286869292746875,0.573738585493749
"employed","binary","Network_oriented_prevention","Life_threat_protective",-0.0552420659877363,0.0393202613691149,-1.40492621524453,0.160043220217588,0.573738585493749
"employed","binary","Escalation_aware_mixed","Life_threat_protective",-0.0140700024654689,0.0268165052601096,-0.524676960289768,0.599807776371283,0.749759720464104
"employed","binary","Network_oriented_prevention","Boundary_clarification",-0.0145190899189493,0.0427074228880148,-0.339966425907285,0.733881811859414,0.815424235399349
"employed","binary","Escalation_aware_mixed","Boundary_clarification",0.0266529736033181,0.0315747679320958,0.844122549392527,0.398600928250843,0.664334880418071
"employed","binary","Life_threat_protective","Boundary_clarification",0.0407229760687869,0.032381402309659,1.25760384554562,0.208535061930244,0.573738585493749
"employed","binary","Network_oriented_prevention","Multi_action_institutional",0.0109404867272362,0.0523792630103822,0.208870573934339,0.834549276089519,0.834549276089519
"employed","binary","Escalation_aware_mixed","Multi_action_institutional",0.0521125502495037,0.0437793238154813,1.19034616590116,0.23391036267748,0.573738585493749
"employed","binary","Life_threat_protective","Multi_action_institutional",0.0661825527149725,0.0443646079585412,1.49178716459797,0.135754949838663,0.573738585493749
"employed","binary","Boundary_clarification","Multi_action_institutional",0.0254595766461856,0.0473926097077938,0.537205627695128,0.591125584358303,0.749759720464104
"one_person","binary","Network_oriented_prevention","Escalation_aware_mixed",0.0734767849109912,0.0590468673293903,1.2443807476035,0.213359465163299,0.426718930326597
"one_person","binary","Network_oriented_prevention","Life_threat_protective",0.0417568186332863,0.0647286013518476,0.645106147223965,0.518858400485933,0.594028932491707
"one_person","binary","Escalation_aware_mixed","Life_threat_protective",-0.0317199662777048,0.0510821531757295,-0.620959852036461,0.534626039242536,0.594028932491707
"one_person","binary","Network_oriented_prevention","Boundary_clarification",0.0402646832271553,0.0634131405821704,0.634958036418029,0.525455784015464,0.594028932491707
"one_person","binary","Escalation_aware_mixed","Boundary_clarification",-0.0332121016838358,0.0494046651501292,-0.67224626627692,0.501426931413804,0.594028932491707
"one_person","binary","Life_threat_protective","Boundary_clarification",-0.001492135406131,0.056072098499594,-0.0266110141417625,0.97876998835678,0.97876998835678
"one_person","binary","Network_oriented_prevention","Multi_action_institutional",0.138026422301817,0.064926836211552,2.12587629947167,0.0335135607891792,0.318921483491355
"one_person","binary","Escalation_aware_mixed","Multi_action_institutional",0.0645496373908261,0.0513331140740944,1.25746583964602,0.208585001223984,0.426718930326597
"one_person","binary","Life_threat_protective","Multi_action_institutional",0.0962696036685309,0.0577784379513307,1.66618564090679,0.0956764450474066,0.318921483491355
"one_person","binary","Boundary_clarification","Multi_action_institutional",0.0977617390746619,0.0563008211096736,1.73641764272359,0.0824900149491119,0.318921483491355
"disability","binary","Network_oriented_prevention","Escalation_aware_mixed",-0.0432065736968748,0.0159868496771939,-2.70263213636838,0.0068792834989202,0.0263177653811527
"disability","binary","Network_oriented_prevention","Life_threat_protective",-0.139470033057951,0.034366147035757,-4.05835524456192,4.94195516285156e-05,0.000494195516285156
"disability","binary","Escalation_aware_mixed","Life_threat_protective",-0.0962634593610758,0.0379026571982027,-2.53975490049918,0.0110930177721462,0.0277325444303655
"disability","binary","Network_oriented_prevention","Boundary_clarification",-0.0571611443566313,0.0215173553416975,-2.65651347244619,0.0078953296143458,0.0263177653811527
"disability","binary","Escalation_aware_mixed","Boundary_clarification",-0.0139545706597565,0.0268062668326284,-0.520571206236414,0.602665512043029,0.753331890053786
"disability","binary","Life_threat_protective","Boundary_clarification",0.0823088887013192,0.040546623052779,2.02998135243418,0.0423584348053176,0.072871711844168
"disability","binary","Network_oriented_prevention","Multi_action_institutional",-0.0504976901756447,0.0276636377258049,-1.82541756352383,0.067938040862866,0.0970543440898086
"disability","binary","Escalation_aware_mixed","Multi_action_institutional",-0.00729111647876993,0.031950840565246,-0.228197955039115,0.819492351146372,0.849206837286657
"disability","binary","Life_threat_protective","Multi_action_institutional",0.0889723428823058,0.0441169911973589,2.01673641985885,0.0437230271065008,0.072871711844168
"disability","binary","Boundary_clarification","Multi_action_institutional",0.00666345418098661,0.0350467321033709,0.190130542309413,0.849206837286657,0.849206837286657
"intimate","binary","Network_oriented_prevention","Escalation_aware_mixed",-0.178021581916489,0.0695562873890089,-2.55938878567316,0.0104856400425917,0.0262141001064792
"intimate","binary","Network_oriented_prevention","Life_threat_protective",-0.272722806047573,0.0727504897381762,-3.7487418576711,0.000177723897561322,0.000888619487806608
"intimate","binary","Escalation_aware_mixed","Life_threat_protective",-0.0947012241310841,0.0587972025568877,-1.61064166342707,0.107257847396034,0.14092133502667
"intimate","binary","Network_oriented_prevention","Boundary_clarification",-0.320284479454633,0.0697687632376688,-4.59065725966184,4.41852396293463e-06,4.41852396293463e-05
"intimate","binary","Escalation_aware_mixed","Boundary_clarification",-0.142262897538144,0.0550650306009638,-2.58354342103378,0.0097791156695104,0.0262141001064792
"intimate","binary","Life_threat_protective","Boundary_clarification",-0.0475616734070595,0.0590484058793052,-0.805469219681822,0.420548961616434,0.46727662401826
"intimate","binary","Network_oriented_prevention","Multi_action_institutional",-0.135934624393428,0.0857085608251055,-1.58600988144944,0.112737068021336,0.14092133502667
"intimate","binary","Escalation_aware_mixed","Multi_action_institutional",0.042086957523061,0.0742323020664319,0.566962849749649,0.570739421998056,0.570739421998056
"intimate","binary","Life_threat_protective","Multi_action_institutional",0.136788181654145,0.0772333562127407,1.77110238842087,0.0765436769232457,0.127572794872076
"intimate","binary","Boundary_clarification","Multi_action_institutional",0.184349855061205,0.074431430716153,2.47677430471852,0.0132575707139351,0.0265151414278701
"known_nonint","binary","Network_oriented_prevention","Escalation_aware_mixed",0.0487542677768117,0.0654001302402909,0.745476615989609,0.455983642341469,0.575511002041412
"known_nonint","binary","Network_oriented_prevention","Life_threat_protective",0.144749785989666,0.0668290136625156,2.16597220363969,0.0303133110761362,0.0992854550481864
"known_nonint","binary","Escalation_aware_mixed","Life_threat_protective",0.0959955182128544,0.0530086891185166,1.81093929710708,0.070150248706262,0.116917081177103
"known_nonint","binary","Network_oriented_prevention","Boundary_clarification",0.143222101033776,0.0656896990443346,2.18028249660748,0.0292365277060793,0.0992854550481864
"known_nonint","binary","Escalation_aware_mixed","Boundary_clarification",0.0944678332569638,0.0515649165178622,1.83201757389135,0.0669488023899112,0.116917081177103
"known_nonint","binary","Life_threat_protective","Boundary_clarification",-0.00152768495589056,0.0533655380105157,-0.0286268069777453,0.977162231965909,0.977162231965909
"known_nonint","binary","Network_oriented_prevention","Multi_action_institutional",-0.00346479560013302,0.0816116841699509,-0.0424546513819983,0.966136262085808,0.977162231965909
"known_nonint","binary","Escalation_aware_mixed","Multi_action_institutional",-0.0522190633769448,0.070740872542079,-0.738173866117967,0.46040880163313,0.575511002041412
"known_nonint","binary","Life_threat_protective","Multi_action_institutional",-0.148214581589799,0.0720639374421933,-2.05670945621991,0.0397141820192746,0.0992854550481864
"known_nonint","binary","Boundary_clarification","Multi_action_institutional",-0.146686896633909,0.0710086654789605,-2.06576050464392,0.0388510990801971,0.0992854550481864
"gendered_case","binary","Network_oriented_prevention","Escalation_aware_mixed",0.303820354397434,0.0676444396624835,4.49143131221673,7.07461175175617e-06,3.53730587587808e-05
"gendered_case","binary","Network_oriented_prevention","Life_threat_protective",0.407272140872374,0.0693628298193085,5.87161945285862,4.31558477842486e-09,4.31558477842486e-08
"gendered_case","binary","Escalation_aware_mixed","Life_threat_protective",0.103451786474941,0.0547759512370812,1.88863514258622,0.0589407346712965,0.0842010495304235
"gendered_case","binary","Network_oriented_prevention","Boundary_clarification",0.231398711277077,0.0727446489574543,3.1809722720968,0.00146781677642394,0.00489272258807979
"gendered_case","binary","Escalation_aware_mixed","Boundary_clarification",-0.0724216431203563,0.0589998866552132,-1.22748783474073,0.21963929139805,0.244043657108945
"gendered_case","binary","Life_threat_protective","Boundary_clarification",-0.175873429595297,0.0609624357175711,-2.88494755048977,0.00391478877057638,0.0085740260589926
"gendered_case","binary","Network_oriented_prevention","Multi_action_institutional",0.192228354383856,0.0851107918777255,2.25856615997677,0.0239103847997386,0.0398506413328977
"gendered_case","binary","Escalation_aware_mixed","Multi_action_institutional",-0.111592000013577,0.0737092230825847,-1.51394893809352,0.130038790685107,0.162548488356384
"gendered_case","binary","Life_threat_protective","Multi_action_institutional",-0.215043786488518,0.075289318702783,-2.85623233406373,0.0042870130294963,0.0085740260589926
"gendered_case","binary","Boundary_clarification","Multi_action_institutional",-0.039170356893221,0.0784159633118802,-0.49952019000813,0.617412966891216,0.617412966891216
"own_victim","binary","Network_oriented_prevention","Escalation_aware_mixed",-0.107292283882026,0.0576716819332724,-1.86039803739669,0.0628292321600046,0.209430773866682
"own_victim","binary","Network_oriented_prevention","Life_threat_protective",-0.169186250098236,0.0572365823769673,-2.95591111614516,0.0031174691678717,0.0213953978226289
"own_victim","binary","Escalation_aware_mixed","Life_threat_protective",-0.0618939662162098,0.0393598326455397,-1.57251599044143,0.115830933698418,0.257959055369279
"own_victim","binary","Network_oriented_prevention","Boundary_clarification",-0.162715909521123,0.0569569975139987,-2.85682034909111,0.00427907956452578,0.0213953978226289
"own_victim","binary","Escalation_aware_mixed","Boundary_clarification",-0.0554236256390975,0.0389521453773626,-1.42286452009669,0.154775433221568,0.257959055369279
"own_victim","binary","Life_threat_protective","Boundary_clarification",0.00647034057711227,0.0383050009095681,0.168916340516156,0.865862446016687,0.899508011442094
"own_victim","binary","Network_oriented_prevention","Multi_action_institutional",-0.100458540564231,0.0682291468582507,-1.47236987695213,0.140921023008981,0.257959055369279
"own_victim","binary","Escalation_aware_mixed","Multi_action_institutional",0.00683374331779463,0.0541145686917514,0.126282875074199,0.899508011442094,0.899508011442094
"own_victim","binary","Life_threat_protective","Multi_action_institutional",0.0687277095340044,0.0536506291657153,1.28102336548038,0.200185459214811,0.28597922744973
"own_victim","binary","Boundary_clarification","Multi_action_institutional",0.0622573689568922,0.0533522559362901,1.16691164908258,0.243246051040177,0.304057563800222
"severe_coharm","binary","Network_oriented_prevention","Escalation_aware_mixed",-0.201679731514477,0.0683029348895663,-2.95272424004265,0.00314983204129726,0.00449976005899609
"severe_coharm","binary","Network_oriented_prevention","Life_threat_protective",-0.408144755806395,0.069887828427478,-5.83999767899389,5.22015497494976e-09,1.74005165831659e-08
"severe_coharm","binary","Escalation_aware_mixed","Life_threat_protective",-0.206465024291917,0.0585756492617759,-3.52475861375809,0.000423868844654729,0.000706448074424548
"severe_coharm","binary","Network_oriented_prevention","Boundary_clarification",-0.0548314037040035,0.072160483600147,-0.75985360641197,0.447342095750677,0.447342095750677
"severe_coharm","binary","Escalation_aware_mixed","Boundary_clarification",0.146848327810474,0.0612693521879992,2.39676645119217,0.0165404626339458,0.0206755782924323
"severe_coharm","binary","Life_threat_protective","Boundary_clarification",0.353313352102391,0.0630313506543953,5.60535905441134,2.07823682707442e-08,5.19559206768605e-08
"severe_coharm","binary","Network_oriented_prevention","Multi_action_institutional",-0.485855185676173,0.0730432796139048,-6.65160694103998,2.89910317974318e-11,2.89910317974318e-10
"severe_coharm","binary","Escalation_aware_mixed","Multi_action_institutional",-0.284175454161696,0.0623066514979346,-4.56091680951778,5.09307573937079e-06,1.01861514787416e-05
"severe_coharm","binary","Life_threat_protective","Multi_action_institutional",-0.0777104298697787,0.0640401160887872,-1.2134648500955,0.22495214531173,0.249946828124144
"severe_coharm","binary","Boundary_clarification","Multi_action_institutional",-0.43102378197217,0.0665128807056485,-6.48030542955518,9.15372222465294e-11,4.57686111232647e-10
"threat","binary","Network_oriented_prevention","Escalation_aware_mixed",-0.284640155653731,0.056646658935857,-5.02483572731164,5.03863639478297e-07,2.51931819739148e-06
"threat","binary","Network_oriented_prevention","Life_threat_protective",-0.330230642389966,0.0640757240323437,-5.15375592514998,2.55320216746568e-07,2.51931819739148e-06
"threat","binary","Escalation_aware_mixed","Life_threat_protective",-0.0455904867362349,0.063808213182452,-0.714492452654555,0.474922721459784,0.609729843570276
"threat","binary","Network_oriented_prevention","Boundary_clarification",-0.242477846349903,0.0610476408109068,-3.97194458506547,7.12883054361235e-05,0.000237627684787078
"threat","binary","Escalation_aware_mixed","Boundary_clarification",0.0421623093038283,0.0607668010335057,0.693837894816625,0.487783874856221,0.609729843570276
"threat","binary","Life_threat_protective","Boundary_clarification",0.0877527960400632,0.0677455426542546,1.29532944311801,0.195206606416685,0.390413212833371
"threat","binary","Network_oriented_prevention","Multi_action_institutional",-0.241397781696976,0.0744929167056892,-3.24054678447756,0.00119300693670232,0.00298251734175581
"threat","binary","Escalation_aware_mixed","Multi_action_institutional",0.0432423739567556,0.0742629402770247,0.582287393893208,0.560373115225921,0.622636794695467
"threat","binary","Life_threat_protective","Multi_action_institutional",0.0888328606929905,0.0800739579405358,1.10938516064061,0.267264061214179,0.445440102023631
"threat","binary","Boundary_clarification","Multi_action_institutional",0.00108006465292732,0.077672097812349,0.0139054394479815,0.988905422097997,0.988905422097997
"stedu","binary","Network_oriented_prevention","Escalation_aware_mixed",-0.0640618652128483,0.0704232012825628,-0.909669882171495,0.362996632180666,0.403329591311852
"stedu","binary","Network_oriented_prevention","Life_threat_protective",-0.200477061590115,0.0739459430390547,-2.7111299599524,0.00670543390175893,0.0134108678035179
"stedu","binary","Escalation_aware_mixed","Life_threat_protective",-0.136415196377267,0.0609089213210574,-2.23965871367525,0.025113087832257,0.0418551463870949
"stedu","binary","Network_oriented_prevention","Boundary_clarification",-0.0050429636170542,0.0747414494628482,-0.0674721142458028,0.946205861030996,0.946205861030996
"stedu","binary","Escalation_aware_mixed","Boundary_clarification",0.0590189015957941,0.0618722754742958,0.953882835945043,0.340142952602266,0.403329591311852
"stedu","binary","Life_threat_protective","Boundary_clarification",0.195434097973061,0.0658540331750297,2.96768608619046,0.00300050595732793,0.00750126489331981
"stedu","binary","Network_oriented_prevention","Multi_action_institutional",-0.285313661882885,0.0787739901591118,-3.62192725424463,0.000292416360058168,0.00146208180029084
"stedu","binary","Escalation_aware_mixed","Multi_action_institutional",-0.221251796670037,0.0666875980235267,-3.31773527953401,0.000907504486185262,0.00302501495395087
"stedu","binary","Life_threat_protective","Multi_action_institutional",-0.0848366002927706,0.0703975208597452,-1.20510778301118,0.228161695610445,0.325945279443493
"stedu","binary","Boundary_clarification","Multi_action_institutional",-0.280270698265831,0.0712326660954834,-3.93458105148197,8.33419414112413e-05,0.000833419414112413
"any_violence_education","binary","Network_oriented_prevention","Escalation_aware_mixed",-0.0650231013651303,0.068204498173874,-0.953355029449328,0.340410218448828,0.425512773061035
"any_violence_education","binary","Network_oriented_prevention","Life_threat_protective",-0.227452775626675,0.0679032452127671,-3.34965987139462,0.000809108481407694,0.00161821696281539
"any_violence_education","binary","Escalation_aware_mixed","Life_threat_protective",-0.162429674261544,0.0532486821736725,-3.05039801232591,0.00228538283756574,0.0038089713959429
"any_violence_education","binary","Network_oriented_prevention","Boundary_clarification",-0.0142598592501788,0.0729144037965207,-0.195569853248382,0.844946858211766,0.844946858211766
"any_violence_education","binary","Escalation_aware_mixed","Boundary_clarification",0.0507632421149515,0.0595069888652557,0.853063532249917,0.393624073262691,0.43736008140299
"any_violence_education","binary","Life_threat_protective","Boundary_clarification",0.213192916376496,0.0591614643419588,3.60357740883865,0.000313867213895591,0.000784668034738978
"any_violence_education","binary","Network_oriented_prevention","Multi_action_institutional",-0.315564879057236,0.0666648547513073,-4.73360183914671,2.20570213449456e-06,7.35234044831519e-06
"any_violence_education","binary","Escalation_aware_mixed","Multi_action_institutional",-0.250541777692106,0.0516601810083985,-4.84980448774221,1.2358322580841e-06,6.17916129042051e-06
"any_violence_education","binary","Life_threat_protective","Multi_action_institutional",-0.0881121034305616,0.0512617931904035,-1.71886502493746,0.0856389519524898,0.122341359932128
"any_violence_education","binary","Boundary_clarification","Multi_action_institutional",-0.301305019807058,0.0577358728319975,-5.21867956658089,1.80203216793018e-07,1.80203216793018e-06
"online_withdrawal","binary","Network_oriented_prevention","Escalation_aware_mixed",-0.205533175110338,0.0461106984823281,-4.45738585350444,8.29651889433514e-06,2.76550629811171e-05
"online_withdrawal","binary","Network_oriented_prevention","Life_threat_protective",-0.338438216065933,0.056940068407168,-5.94376202089929,2.78553913268809e-09,2.78553913268809e-08
"online_withdrawal","binary","Escalation_aware_mixed","Life_threat_protective",-0.132905040955595,0.0607525903232868,-2.18764402058181,0.0286955426509874,0.0349996653224993
"online_withdrawal","binary","Network_oriented_prevention","Boundary_clarification",-0.097709161875428,0.0454312800362862,-2.15070237504616,0.0314996987902494,0.0349996653224993
"online_withdrawal","binary","Escalation_aware_mixed","Boundary_clarification",0.10782401323491,0.050126909405145,2.15102056987864,0.0314745761359272,0.0349996653224993
"online_withdrawal","binary","Life_threat_protective","Boundary_clarification",0.240729054190505,0.0602385418332516,3.99626297158512,6.43502493753445e-05,0.000160875623438361
"online_withdrawal","binary","Network_oriented_prevention","Multi_action_institutional",-0.381588781399753,0.0703901830491259,-5.42105113057369,5.92496087747918e-08,2.96248043873959e-07
"online_withdrawal","binary","Escalation_aware_mixed","Multi_action_institutional",-0.176055606289415,0.0735083921091027,-2.39504090945302,0.0166185109713144,0.027697518285524
"online_withdrawal","binary","Life_threat_protective","Multi_action_institutional",-0.0431505653338201,0.0807431643307989,-0.534417565764891,0.593052668568539,0.593052668568539
"online_withdrawal","binary","Boundary_clarification","Multi_action_institutional",-0.283879619524325,0.0730841186693312,-3.88428600758992,0.000102631039115897,0.000205262078231794
"digital_coharm","binary","Network_oriented_prevention","Escalation_aware_mixed",0.0426170369669199,0.042643591880039,0.999377282448583,0.3176119605278,0.453731372182571
"digital_coharm","binary","Network_oriented_prevention","Life_threat_protective",-0.17545036995589,0.0586173908120079,-2.99314533665577,0.00276118225199595,0.00552236450399191
"digital_coharm","binary","Escalation_aware_mixed","Life_threat_protective",-0.21806740692281,0.0500016840457869,-4.36120124920442,1.29350322553012e-05,0.000129350322553012
"digital_coharm","binary","Network_oriented_prevention","Boundary_clarification",0.0129586449005757,0.0469065130762402,0.276265363820866,0.782344256717864,0.860157540602603
"digital_coharm","binary","Escalation_aware_mixed","Boundary_clarification",-0.0296583920663442,0.0355582742941571,-0.834078499451184,0.404236750031872,0.50529593753984
"digital_coharm","binary","Life_threat_protective","Boundary_clarification",0.188409014856466,0.0536834559986115,3.50962901608531,0.000448732301843835,0.00149577433947945
"digital_coharm","binary","Network_oriented_prevention","Multi_action_institutional",-0.188614396553082,0.0700119179577243,-2.69403270264606,0.00705932379831276,0.0117655396638546
"digital_coharm","binary","Escalation_aware_mixed","Multi_action_institutional",-0.231231433520002,0.0629749041914805,-3.67180286319966,0.000240845438029602,0.00120422719014801
"digital_coharm","binary","Life_threat_protective","Multi_action_institutional",-0.0131640265971918,0.0747218919400632,-0.176173625364721,0.860157540602603,0.860157540602603
"digital_coharm","binary","Boundary_clarification","Multi_action_institutional",-0.201573041453658,0.0659362085539221,-3.05709178423283,0.00223495829333364,0.00552236450399191
"q40_police","binary","Network_oriented_prevention","Escalation_aware_mixed",0.126865614480545,0.0597431299843632,2.12351804322523,0.0337104651579236,0.0421380814474046
"q40_police","binary","Network_oriented_prevention","Life_threat_protective",0.078800609903233,0.065817769916869,1.19725432816642,0.231207440090207,0.256897155655786
"q40_police","binary","Escalation_aware_mixed","Life_threat_protective",-0.0480650045773125,0.0496301999531073,-0.968462843646133,0.332813267068991,0.332813267068991
"q40_police","binary","Network_oriented_prevention","Boundary_clarification",0.287812202917314,0.0521443365657912,5.51952948052523,3.39908567958958e-08,1.13302855986319e-07
"q40_police","binary","Escalation_aware_mixed","Boundary_clarification",0.160946588436769,0.0291583563741513,5.5197414549555,3.39498802404137e-08,1.13302855986319e-07
"q40_police","binary","Life_threat_protective","Boundary_clarification",0.209011593014081,0.0401615114623865,5.20427606938629,1.9475430579341e-07,4.86885764483524e-07
"q40_police","binary","Network_oriented_prevention","Multi_action_institutional",-0.176038460663281,0.0827621317386218,-2.12704115958786,0.0334166634780946,0.0421380814474046
"q40_police","binary","Escalation_aware_mixed","Multi_action_institutional",-0.302904075143827,0.0705744171812739,-4.29198124818803,1.77085906851726e-05,3.54171813703452e-05
"q40_police","binary","Life_threat_protective","Multi_action_institutional",-0.254839070566514,0.0757857876978124,-3.36262349852003,0.000772055833707874,0.00128675972284646
"q40_police","binary","Boundary_clarification","Multi_action_institutional",-0.463850663580596,0.0642692664967828,-7.21730134579668,5.30242516560975e-13,5.30242516560975e-12
"q42_police","binary","Network_oriented_prevention","Escalation_aware_mixed",0.0567194536245685,0.0663019160878325,0.855472314697969,0.392289724771632,0.43587747196848
"q42_police","binary","Network_oriented_prevention","Life_threat_protective",-0.160533133765639,0.0744605275234023,-2.15594945543711,0.031087612134957,0.0388595151686963
"q42_police","binary","Escalation_aware_mixed","Life_threat_protective",-0.217252587390207,0.0619300155584626,-3.50803379316317,0.000451431702319427,0.000752386170532378
"q42_police","binary","Network_oriented_prevention","Boundary_clarification",0.235908831219365,0.0628163878757211,3.75553003280128,0.00017297501610325,0.000432437540258124
"q42_police","binary","Escalation_aware_mixed","Boundary_clarification",0.179189377594796,0.0472954041505208,3.78872706160865,0.000151421159512166,0.000432437540258124
"q42_police","binary","Life_threat_protective","Boundary_clarification",0.396441964985004,0.0581831705556382,6.81368789632911,9.51283496419819e-12,9.51283496419819e-11
"q42_police","binary","Network_oriented_prevention","Multi_action_institutional",-0.204367397724981,0.0846484537577909,-2.41430751127183,0.0157651505559928,0.0225216436514183
"q42_police","binary","Escalation_aware_mixed","Multi_action_institutional",-0.26108685134955,0.0738668896840319,-3.53455861572563,0.000408456829702919,0.000752386170532378
"q42_police","binary","Life_threat_protective","Multi_action_institutional",-0.0438342639593422,0.0812695728654846,-0.539368701148407,0.589632473036044,0.589632473036044
"q42_police","binary","Boundary_clarification","Multi_action_institutional",-0.440276228944346,0.0707550132529702,-6.22254464669843,4.89155604910252e-10,2.44577802455126e-09
"role_police_top2","binary","Network_oriented_prevention","Escalation_aware_mixed",0.0884896385482168,0.0696567257406968,1.27036747144313,0.203953764542169,0.254942205677711
"role_police_top2","binary","Network_oriented_prevention","Life_threat_protective",-0.0138400209063367,0.0763038421225981,-0.181380393455152,0.856069007384055,0.856069007384055
"role_police_top2","binary","Escalation_aware_mixed","Life_threat_protective",-0.102329659454553,0.0632526650750445,-1.61779206193363,0.105707417695786,0.211414835391573
"role_police_top2","binary","Network_oriented_prevention","Boundary_clarification",-0.0952298096989422,0.0744163081782224,-1.27969005759964,0.200654162681888,0.254942205677711
"role_police_top2","binary","Escalation_aware_mixed","Boundary_clarification",-0.183719448247159,0.06096236740237,-3.01365344023724,0.00258122476629974,0.0129061238314987
"role_police_top2","binary","Life_threat_protective","Boundary_clarification",-0.0813897887926055,0.0684589447848655,-1.18888465266848,0.234485060232987,0.26053895581443
"role_police_top2","binary","Network_oriented_prevention","Multi_action_institutional",0.192036990746877,0.0812108746228756,2.3646708847633,0.0180460998300476,0.0451152495751189
"role_police_top2","binary","Escalation_aware_mixed","Multi_action_institutional",0.10354735219866,0.0690929046533564,1.4986683903096,0.133959680923897,0.223266134873162
"role_police_top2","binary","Life_threat_protective","Multi_action_institutional",0.205877011653214,0.0757894871020613,2.71643231172644,0.00659896874035759,0.0219965624678586
"role_police_top2","binary","Boundary_clarification","Multi_action_institutional",0.287266800445819,0.0738888148192899,3.88782525675082,0.000101146400032448,0.00101146400032448
